_nid|_file_name
64|MapMasterTemplate5MicrocebusC2.jpg
65|MapMasterTemplate5MicrocebusA9.jpg
66|MapMasterTemplate5MicrocebusB4.jpg
68|MicrocebusC2murinus.jpg
72|MicrocebusC2griseorufus.jpg
76|MicrocebusA7berthae.jpg
81|MicrocebusA7myoxinus.jpg
84|MicrocebusA8ravelobensis.jpg
87|MicrocebusA7bongalavensis.jpg
90|MicrocebusA7danfossi.jpg
93|MicrocebusA7margotmarshae.jpg
96|MicrocebusA8sambiranensis.jpg
100|MicrocebusA8mamiratra.jpg
103|MicrocebusA7tavaratra.jpg
107|MicrocebusA7arnholdi.jpg
110|MicrocebusB2rufus.jpg
115|MicrocebusB2jollyae.jpg
119|MicrocebusB2lehilahytsara.jpg
122|MicrocebusB2simmonsi.jpg
126|MicrocebusB3macarthurii.jpg
129|MicrocebusB3mittermeieri.jpg
132|MapMasterTemplate5Mirza5.jpg
134|Mirza5coquereli.jpg
138|Mirza5zaza.jpg
143|MapMasterTemplate5Allocebus1.jpg
145|Allocebus1trichotis.jpg
151|MapMasterTemplate5CheiriogaleusB9a.jpg
152|MapMasterTemplate5Cheirogaleus3.jpg
154|CheiriogaleusB9medius.jpg
158|CheiriogaleusB9sibreei.jpg
164|Cheirogaleus3major.jpg
168|CheiriogaleusB9crossleyi.jpg
174|CheiriogaleusB9minusculus.jpg
178|Phaner5furcifer.jpg
182|Phaner5pallescens.jpg
190|Phaner5parienti.jpg
193|Phaner5electromontis.jpg
198|MapMasterTemplate5LepilemurA8.jpg
199|MapMasterTemplate5LepilemurB8.jpg
276|MapMasterTemplate5LepilemurA8.jpg
277|MapMasterTemplate5LepilemurB8.jpg
278|LepilemurA5mustelinus.jpg
284|LepilemurA5betsileo.jpg
287|LepilemurA5microdon.jpg
290|LepilemurA5jamesorum.jpg
293|LepilemurA5wrightae.jpg
296|LepilemurA5fleuretae.jpg
299|LepilemurA5hollandorum.jpg
302|LepilemurA5seali.jpg
305|LepilemurA5scottorum.jpg
308|LepilemurB6milanoi.jpg
311|LepilemurA5ankaranensis.jpg
319|LepilemurA5septentrionalis.jpg
323|LepilemurB6dorsalis.jpg
326|LepilemurB6tymerlachsonorum.jpg
331|LepilemurB6mittermeieri.jpg
335|LepilemurB6sahamalazensis.jpg
341|LepilemurB6grewcockorum.jpg
345|LepilemurB6otto.jpg
348|LepilemurB6edwardsi.jpg
351|LepilemurB6aeeclis.jpg
354|LepilemurB6ahmansonorum.jpg
357|LepilemurB6randrianasoloi.jpg
360|LepilemurB6ruficaudatus.jpg
364|LepilemurB6hubbardorum.jpg
369|LepilemurB6petteri.jpg
372|LepilemurB6leucopus.jpg
377|MapMasterTemplate5Hapalemur5.jpg
380|Hapalemur4ggriseus.jpg
385|Hapalemur4ggilberti.jpg
388|Hapalemur4ranomafanensis.jpg
392|Hapalemur4meridionalis.jpg
397|Hapalemur4occidentalis.jpg
401|Hapalemur4alaotrensis.jpg
405|Hapalemur4aureus.jpg
409|MapMasterTemplate5Prolemur4.jpg
411|Prolemur2simus.jpg
416|MapMasterTemplate5Lcatta5.jpg
419|Lemur5catta.jpg
426|Comoros-map.jpg
427|MapMasterTemplate5EulemurA8.jpg
428|MapMasterTemplate5EulemurB7.jpg
429|Eulumur-macaco-DetailMap4.jpg
431|EulemurA6fulvus.jpg
437|EulemurA6rufus.jpg
440|EulemurA6rufifrons.jpg
447|EulemurA6albifrons.jpg
453|EulemurA6sanfordi.jpg
458|EulemurA6cinereiceps.jpg
467|EulemurA6collaris.jpg
475|EulemurB6macaco.jpg
482|EulemurB6flavifrons.jpg
487|EulemurB6coronatus.jpg
491|EulemurB6rubriventer.jpg
495|EulemurB6mongoz.jpg
500|MapMasterTemplate5Varecia5.jpg
502|Varecia4vvariegata.jpg
506|Varecia4veditorum.jpg
511|Varecia4vsubcincta.jpg
516|Varecia4rubra.jpg
520|MapMasterTemplate5Avahi5.jpg
523|Avahi3laniger.jpg
529|Avahi3mooreorum.jpg
532|Avahi3peyrierasi.jpg
537|Avahi3betsileo.jpg
540|Avahi3ramanantsoavani.jpg
543|Avahi3meridionalis.jpg
547|Avahi3occidentalis.jpg
551|Avahi3cleesei.jpg
554|Avahi3unicolor.jpg
560|MapMasterTemplate5Propithecus6.jpg
562|Propithecus4verreauxi.jpg
567|Propithecus4deckenii.jpg
571|Propithecus4coronatus.jpg
576|Propithecus4coronatus.jpg
581|Propithecus4tattersalli.jpg
585|Propithecus4diadema.jpg
592|Propithecus4edwardsi.jpg
597|Propithecus4candidus2.jpg
603|Propithecus4perrieri.jpg
608|MapMasterTemplate5Indri4.jpg
610|Indri4indri.jpg
618|MapMasterTemplate5Daubentonia4.jpg
620|Daubentonia4madagascariensis.jpg
627|Topographic.jpg
628|MapMasterTemplate5Rivers5.jpg
629|MapMasterTemplate5Cities5.jpg
630|MapMasterTemplate5ProtAreas5.jpg
631|MapMasterTemplate5ProtAreas4b.jpg
632|MapMasterTemplate6Biogeog2.jpg
1437|Ambanja.jpg
1438|Ambatovaky-Special-Reserve.jpg
1439|Ambohijanahary-Special-Reserve.jpg
1440|Ambohitantely-Special-Reserve.jpg
1441|Analamerana-Special-Reserve.jpg
1442|Andasibe-.jpg
1443|Andohahela-National-Park.jpg
1444|Andrafiamena.jpg
1445|Andranomena-Special-Reserve.jpg
1446|Andringitra-National-Park.jpg
1447|Anjajavy.jpg
1448|Anjamena.jpg
1449|Anjanaharibe-Sud-Special-Reserve.jpg
1450|Anjiamangirana-Classified-Forest.jpg
1451|Anjozorobe-Angavo-Protected-Area.jpg
1452|Ankarafantsika-National-Park-.jpg
1453|Ankarana-National-Park.jpg
1454|Aye-aye-Island.jpg
1455|Baie-de-Baly-National-Park.jpg
1456|Bemosary-Classified-Forest.jpg
1457|Benavony.jpg
1458|Berenty-Private-Reserve.jpg
1459|Betampona-Strict-Nature-Reserve.jpg
1460|Beza-Mahafaly-Special-Reserve.jpg
1461|Bongolava-Classified-Forest.jpg
1462|Bora-Special-Reserve.jpg
1463|Croc-Farm-Parc-Zoologique.jpg
1464|Daraina.jpg
1465|Fandriana-Classified-Forest.jpg
1466|Isalo-National-Park.jpg
1467|Ivoloina-Parc-Zoologique.jpg
1468|Kalambatritra-Special-Reserve-.jpg
1469|Kasijy-Special-Reserve.jpg
1470|Katsepy–Belemboka-Forests.jpg
1471|Kirindy-Forest.jpg
1472|Lac-Alaotra.jpg
1473|Lemurs’-Park.jpg
1474|Lokobe-Strict-Nature-Reserve.jpg
1475|Makira-Forest.jpg
1476|Mananara-Nord-National-Park.jpg
1477|Mandena-Conservation-Zone.jpg
1478|Mangerivola-Special-Reserve.jpg
1479|Maningoza-Special-Reserve.jpg
1480|Manombo-Special-Reserve.jpg
1481|Manongarivo-Special-Reserve.jpg
1482|Marojejy-National-Park.jpg
1483|Marotandrano-Special-Reserve.jpg
1484|Masoala-National-Park.jpg
1485|Midongy-du-Sud–Befotaka-National-Park.jpg
1486|Montagne-d-Ambre.jpg
1487|Nosy-Komba.jpg
1488|Nosy-Mangabe-Special-Reserve.jpg
1489|Parc-Botanique-et-Zoologique-de-Tsimbazaza.jpg
1490|Pic-d-Ivohibe-Special-Reserve.jpg
1491|PK-32-and-Ifaty.jpg
1492|Ranomafana-National-Park.jpg
1493|Sahamalaza-Iles-Radama-National-Park.jpg
1494|Sainte-Luce-Private-Reserve.jpg
1495|Tsaratanana-Strict-Nature-Reserve.jpg
1496|Tsaratanana-Strict-Nature-Reserve.jpg
1497|Tsimanampetsotsa-National-Park.jpg
1498|Tsingy-de-Bemaraha-National-Park-and-Strict-Nature-Reserve.jpg
1499|Tsingy-de-Namoroka-National-Park.jpg
1500|Tsiombikibo-Forest.jpg
1501|Tsiombikibo-Forest.jpg
1502|Vohimana.jpg
1503|Zahamena-National-Park.jpg
1504|Zombitse-Vohibasia-National-Park.jpg
